<?xml version="1.0" encoding="UTF-8"?>
<appdeployment:Deployment xmi:version="2.0" xmlns:xmi="http://www.omg.org/XMI" xmlns:appdeployment="http://www.ibm.com/websphere/appserver/schemas/5.0/appdeployment.xmi" xmi:id="Deployment_1632328456180">
  <deployedObject xmi:type="appdeployment:ApplicationDeployment" xmi:id="ApplicationDeployment_1632328456181" deploymentId="0" startingWeight="1" binariesURL="$(APP_INSTALL_ROOT)/ant1casapps01Node01Cell/WFS.ear" useMetadataFromBinaries="false" enableDistribution="true" createMBeansForResources="true" reloadEnabled="false" appContextIDForSecurity="href:ant1casapps01Node01Cell/WFS" filePermission=".*\.dll=755#.*\.so=755#.*\.a=755#.*\.sl=755" allowDispatchRemoteInclude="false" allowServiceRemoteInclude="false" asyncRequestDispatchType="DISABLED" standaloneModule="false" enableClientModule="false">
    <targetMappings xmi:id="DeploymentTargetMapping_1632328456182" enable="true" target="ServerTarget_1632328456182"/>
    <classloader xmi:id="Classloader_1632328456182" mode="PARENT_FIRST">
      <libraries xmi:id="LibraryRef_1632328456182" libraryName="ibps_library" sharedClassloader="true"/>
      <libraries xmi:id="LibraryRef_1632328456183" libraryName="webservices_library" sharedClassloader="true"/>
      <libraries xmi:id="LibraryRef_1632328456184" libraryName="orm_library" sharedClassloader="true"/>
      <libraries xmi:id="LibraryRef_1632328456185" libraryName="wfs_library" sharedClassloader="true"/>
      <libraries xmi:id="LibraryRef_1632328456186" libraryName="od_library" sharedClassloader="true"/>
    </classloader>
    <modules xmi:type="appdeployment:EJBModuleDeployment" xmi:id="EJBModuleDeployment_1632328456183" deploymentId="1" startingWeight="5000" uri="wfs_ejb.jar">
      <targetMappings xmi:id="DeploymentTargetMapping_1632328456184" target="ServerTarget_1632328456182"/>
    </modules>
    <properties xmi:id="Property_1632328456184" name="metadata.complete" value="true"/>
  </deployedObject>
  <deploymentTargets xmi:type="appdeployment:ServerTarget" xmi:id="ServerTarget_1632328456182" name="server1" nodeName="ant1casapps01Node01"/>
</appdeployment:Deployment>
